<?xml version="1.0" encoding="UTF-8" standalone="yes"?>
<addon id="plugin.video.MetalOnMetal" name="[COLOR red]Metal on Metal[/COLOR]"	version="1.0.12"	provider-name="Sergi"> 
  <requires>
    <import addon="script.module.six" />
  </requires>
  <extension point="xbmc.python.pluginsource" library="pulse.py">
    <provides>video</provides>
  </extension>
  <extension point="xbmc.addon.metadata">
    <summary lang="en">Metal on Metal</summary>
    <description lang="en">Metal Concerts and Videos from YouTube. You need YouTube Addon and setup your API KEY on the Youtube Addon or Duff-You addon (no need API KEY). You can change the addon to use in Settings (YouTube or Duff-You). Thanks to Iron Butterfly, TitanKodi and Bad-Max from "Aprendiendo Kodi" group Telegram. If you want collaborate, join to the "Metal on Metal Kodi Addon" Telegram Goup.</description>   
    <platform>all</platform>
    <assets>
        <icon>icon.png</icon>
    </assets>
  </extension>
</addon>
