<?xml version="1.1" encoding="UTF-8" standalone="yes"?>
<addon id="plugin.video.MetalOnMetal" name="[COLOR red]Metal on Metal[/COLOR]"	version="0.05"	provider-name="Sergi"> 
  <requires>
    <import addon="xbmc.python" version="2.1.0"/>
    <import addon="script.module.addon.common" version="2.0.0"/>
    <import addon="plugin.video.youtube" version="5.0.0"/>
  </requires>
  <extension point="xbmc.python.pluginsource" library="pulse.py">
    <provides>video</provides>
  </extension>
  <extension point="xbmc.addon.metadata">
    <summary lang="en">Metal on Metal</summary>
    <description lang="en">Metal Concerts and Videos from YouTube. Thanks to Anabel and Titan from "Aprendiendo Kodi" group Telegram.You need YouTube Addon and setup your API KEY on the Youtbe Addon.</description>
    <disclaimer lang="en"></disclaimer>
    <platform>all</platform>
    <forum>n/a</forum>
    <website>n/a</website>
  </extension>
</addon>
